{"cameraMode":{"drawMode":0,"name":"Shaded","section":"Shading Mode"},"sceneLighting":true,"audioPlay":false,"sceneViewState":{"showFog":true,"showMaterialUpdate":true,"showSkybox":false,"showFlares":true,"showImageEffects":true,"showParticleSystems":true},"in2DMode":false,"pivot":{"x":-11.97628116607666,"y":-11.5591459274292,"z":1.7768000364303589},"rotation":{"x":-0.19846591353416444,"y":0.012745306827127934,"z":-0.0025811665691435339,"w":-0.980021595954895},"size":28.887493133544923,"orthographic":false}