{"cameraMode":{"drawMode":0,"name":"Shaded","section":"Shading Mode"},"sceneLighting":false,"audioPlay":false,"sceneViewState":{"showFog":true,"showMaterialUpdate":true,"showSkybox":false,"showFlares":true,"showImageEffects":true,"showParticleSystems":true},"in2DMode":false,"pivot":{"x":0.0,"y":14.130001068115235,"z":5.239999771118164},"rotation":{"x":-0.19846591353416444,"y":0.012745306827127934,"z":-0.0025811665691435339,"w":-0.980021595954895},"size":3.6469507217407228,"orthographic":false}