{"cameraMode":{"drawMode":0,"name":"Shaded","section":"Shading Mode"},"sceneLighting":false,"audioPlay":false,"sceneViewState":{"showFog":true,"showMaterialUpdate":true,"showSkybox":false,"showFlares":true,"showImageEffects":true,"showParticleSystems":true},"in2DMode":false,"pivot":{"x":-0.0000015795230865478516,"y":-0.062218472361564639,"z":-0.07827502489089966},"rotation":{"x":-0.19846591353416444,"y":0.012745306827127934,"z":-0.0025811665691435339,"w":-0.980021595954895},"size":3.524010181427002,"orthographic":false}