{"cameraMode":{"drawMode":0,"name":"Shaded","section":"Shading Mode"},"sceneLighting":false,"audioPlay":false,"sceneViewState":{"showFog":true,"showMaterialUpdate":false,"showSkybox":false,"showFlares":true,"showImageEffects":true,"showParticleSystems":true},"in2DMode":false,"pivot":{"x":0.19603517651557923,"y":-0.4997137486934662,"z":-1.0955870151519776},"rotation":{"x":-0.026990020647644998,"y":-0.9656367301940918,"z":0.23304593563079835,"w":-0.11183424293994904},"size":1.5133001804351807,"orthographic":false}