{"cameraMode":{"drawMode":0,"name":"Shaded","section":"Shading Mode"},"sceneLighting":false,"audioPlay":false,"sceneViewState":{"showFog":true,"showMaterialUpdate":true,"showSkybox":false,"showFlares":true,"showImageEffects":true,"showParticleSystems":true},"in2DMode":false,"pivot":{"x":-10.317636489868164,"y":-0.026210036128759385,"z":-10.936854362487793},"rotation":{"x":-0.08156274259090424,"y":-0.7892263531684876,"z":0.10744626820087433,"w":-0.5991032123565674},"size":-0.31885582208633425,"orthographic":false}