{"cameraMode":{"drawMode":0,"name":"Shaded","section":"Shading Mode"},"sceneLighting":false,"audioPlay":false,"sceneViewState":{"showFog":false,"showMaterialUpdate":false,"showSkybox":false,"showFlares":false,"showImageEffects":false,"showParticleSystems":false},"in2DMode":false,"pivot":{"x":-0.40696996450424197,"y":0.9295386672019959,"z":1.995128870010376},"rotation":{"x":0.03754463419318199,"y":-0.9568842649459839,"z":0.24943572282791139,"w":0.14403045177459718},"size":4.275851249694824,"orthographic":true}