{"cameraMode":{"drawMode":0,"name":"Shaded","section":"Shading Mode"},"sceneLighting":false,"audioPlay":false,"sceneViewState":{"showFog":false,"showMaterialUpdate":false,"showSkybox":false,"showFlares":false,"showImageEffects":false,"showParticleSystems":false},"in2DMode":false,"pivot":{"x":0.00004839897155761719,"y":0.8229649662971497,"z":0.05996762961149216},"rotation":{"x":0.1950608491897583,"y":-0.7176609635353088,"z":0.2219989150762558,"w":0.6305794715881348},"size":4.331305503845215,"orthographic":true}