{"cameraMode":{"drawMode":0,"name":"Shaded","section":"Shading Mode"},"sceneLighting":false,"audioPlay":false,"sceneViewState":{"showFog":false,"showMaterialUpdate":false,"showSkybox":false,"showFlares":false,"showImageEffects":false,"showParticleSystems":false},"in2DMode":false,"pivot":{"x":-0.33174362778663638,"y":1.1040716171264649,"z":0.8680830001831055},"rotation":{"x":-0.003385221352800727,"y":-0.983132004737854,"z":0.1819489300251007,"w":-0.01828954927623272},"size":2.7731733322143556,"orthographic":true}