{"cameraMode":{"drawMode":0,"name":"Shaded","section":"Shading Mode"},"sceneLighting":false,"audioPlay":false,"sceneViewState":{"showFog":true,"showMaterialUpdate":true,"showSkybox":false,"showFlares":true,"showImageEffects":true,"showParticleSystems":true},"in2DMode":false,"pivot":{"x":-9.670309066772461,"y":0.0005800724029541016,"z":0.5555819272994995},"rotation":{"x":-0.0654754787683487,"y":0.7779812812805176,"z":-0.08223409205675125,"w":-0.619431734085083},"size":16.602949142456056,"orthographic":false}