{"cameraMode":{"drawMode":0,"name":"Shaded","section":"Shading Mode"},"sceneLighting":false,"audioPlay":false,"sceneViewState":{"showFog":true,"showMaterialUpdate":true,"showSkybox":false,"showFlares":true,"showImageEffects":true,"showParticleSystems":true},"in2DMode":false,"pivot":{"x":7.193881034851074,"y":4.183000087738037,"z":0.894264817237854},"rotation":{"x":-0.0654754787683487,"y":0.7779812812805176,"z":-0.08223409205675125,"w":-0.619431734085083},"size":2.3250515460968019,"orthographic":false}