{"cameraMode":{"drawMode":0,"name":"Shaded","section":"Shading Mode"},"sceneLighting":false,"audioPlay":false,"sceneViewState":{"showFog":true,"showMaterialUpdate":true,"showSkybox":false,"showFlares":true,"showImageEffects":true,"showParticleSystems":true},"in2DMode":false,"pivot":{"x":0.8699977993965149,"y":1.5750008821487427,"z":0.6687865257263184},"rotation":{"x":-0.0654754787683487,"y":0.7779812812805176,"z":-0.08223409205675125,"w":-0.619431734085083},"size":6.641401767730713,"orthographic":false}