{"cameraMode":{"drawMode":0,"name":"Shaded","section":"Shading Mode"},"sceneLighting":false,"audioPlay":false,"sceneViewState":{"showFog":true,"showMaterialUpdate":true,"showSkybox":false,"showFlares":true,"showImageEffects":true,"showParticleSystems":true},"in2DMode":false,"pivot":{"x":-0.05548745393753052,"y":0.006791174411773682,"z":1.4829779863357545},"rotation":{"x":-0.08156274259090424,"y":-0.7892263531684876,"z":0.10744626820087433,"w":-0.5991032123565674},"size":5.592813491821289,"orthographic":false}