{"cameraMode":{"drawMode":0,"name":"Shaded","section":"Shading Mode"},"sceneLighting":true,"audioPlay":false,"sceneViewState":{"showFog":true,"showMaterialUpdate":true,"showSkybox":false,"showFlares":true,"showImageEffects":true,"showParticleSystems":true},"in2DMode":false,"pivot":{"x":-11.901823043823243,"y":-13.01957893371582,"z":1.1617209911346436},"rotation":{"x":-0.19846591353416444,"y":0.012745306827127934,"z":-0.0025811665691435339,"w":-0.980021595954895},"size":8.22074031829834,"orthographic":false}