{"cameraMode":{"drawMode":0,"name":"Shaded","section":"Shading Mode"},"sceneLighting":false,"audioPlay":false,"sceneViewState":{"showFog":false,"showMaterialUpdate":false,"showSkybox":false,"showFlares":false,"showImageEffects":false,"showParticleSystems":false},"in2DMode":false,"pivot":{"x":5.960464477539063e-8,"y":0.8072789907455444,"z":0.07532685250043869},"rotation":{"x":0.1950608491897583,"y":-0.7176609635353088,"z":0.2219989150762558,"w":0.6305794715881348},"size":4.356198787689209,"orthographic":true}