{"cameraMode":{"drawMode":0,"name":"Shaded","section":"Shading Mode"},"sceneLighting":false,"audioPlay":false,"sceneViewState":{"showFog":true,"showMaterialUpdate":true,"showSkybox":false,"showFlares":true,"showImageEffects":true,"showParticleSystems":true},"in2DMode":false,"pivot":{"x":7.203944206237793,"y":15.383866310119629,"z":0.7168327569961548},"rotation":{"x":-0.0654754787683487,"y":0.7779812812805176,"z":-0.08223409205675125,"w":-0.619431734085083},"size":9.378519058227539,"orthographic":false}