{"cameraMode":{"drawMode":0,"name":"Shaded","section":"Shading Mode"},"sceneLighting":false,"audioPlay":false,"sceneViewState":{"showFog":true,"showMaterialUpdate":true,"showSkybox":false,"showFlares":true,"showImageEffects":true,"showParticleSystems":true},"in2DMode":false,"pivot":{"x":-15.099874496459961,"y":1.687499761581421,"z":-7.000000476837158},"rotation":{"x":-0.0654754787683487,"y":0.7779812812805176,"z":-0.08223409205675125,"w":-0.619431734085083},"size":10.705970764160157,"orthographic":false}