{"cameraMode":{"drawMode":0,"name":"Shaded","section":"Shading Mode"},"sceneLighting":false,"audioPlay":false,"sceneViewState":{"showFog":false,"showMaterialUpdate":false,"showSkybox":false,"showFlares":false,"showImageEffects":false,"showParticleSystems":false},"in2DMode":false,"pivot":{"x":0.0013467669486999512,"y":0.8229649662971497,"z":0.06039674952626228},"rotation":{"x":0.0513235405087471,"y":-0.9474213123321533,"z":0.24696891009807588,"w":0.1968884915113449},"size":4.511173725128174,"orthographic":true}