{"cameraMode":{"drawMode":0,"name":"Shaded","section":"Shading Mode"},"sceneLighting":false,"audioPlay":false,"sceneViewState":{"showFog":true,"showMaterialUpdate":false,"showSkybox":false,"showFlares":true,"showImageEffects":true,"showParticleSystems":true},"in2DMode":false,"pivot":{"x":0.2881206274032593,"y":-0.3829864263534546,"z":-0.09151503443717957},"rotation":{"x":-0.17130343616008759,"y":-0.8278154134750366,"z":0.3561690151691437,"w":-0.3981463611125946},"size":1.1541261672973633,"orthographic":false}