{"cameraMode":{"drawMode":0,"name":"Shaded","section":"Shading Mode"},"sceneLighting":false,"audioPlay":false,"sceneViewState":{"showFog":false,"showMaterialUpdate":false,"showSkybox":false,"showFlares":false,"showImageEffects":false,"showParticleSystems":false},"in2DMode":false,"pivot":{"x":-0.00009590387344360352,"y":0.8072789907455444,"z":0.07532685995101929},"rotation":{"x":0.0513235405087471,"y":-0.9474213123321533,"z":0.24696891009807588,"w":0.1968884915113449},"size":4.313340187072754,"orthographic":true}